{
    "packages": [
        {
            "name": "chillerlan/php-qrcode",
            "version": "5.0.2",
            "version_normalized": "5.0.2.0",
            "source": {
                "type": "git",
                "url": "https://github.com/chillerlan/php-qrcode.git",
                "reference": "da5bdb82c8755f54de112b271b402aaa8df53269"
            },
            "dist": {
                "type": "zip",
                "url": "https://api.github.com/repos/chillerlan/php-qrcode/zipball/da5bdb82c8755f54de112b271b402aaa8df53269",
                "reference": "da5bdb82c8755f54de112b271b402aaa8df53269",
                "shasum": ""
            },
            "require": {
                "chillerlan/php-settings-container": "^2.1.4 || ^3.1",
                "ext-mbstring": "*",
                "php": "^7.4 || ^8.0"
            },
            "require-dev": {
                "chillerlan/php-authenticator": "^4.1 || ^5.1",
                "phan/phan": "^5.4",
                "phpmd/phpmd": "^2.15",
                "phpunit/phpunit": "^9.6",
                "setasign/fpdf": "^1.8.2",
                "squizlabs/php_codesniffer": "^3.8"
            },
            "suggest": {
                "chillerlan/php-authenticator": "Yet another Google authenticator! Also creates URIs for mobile apps.",
                "setasign/fpdf": "Required to use the QR FPDF output.",
                "simple-icons/simple-icons": "SVG icons that you can use to embed as logos in the QR Code"
            },
            "time": "2024-02-27T14:37:26+00:00",
            "type": "library",
            "installation-source": "dist",
            "autoload": {
                "psr-4": {
                    "chillerlan\\QRCode\\": "src/"
                }
            },
            "notification-url": "https://packagist.org/downloads/",
            "license": [
                "MIT",
                "Apache-2.0"
            ],
            "authors": [
                {
                    "name": "Kazuhiko Arase",
                    "homepage": "https://github.com/kazuhikoarase/qrcode-generator"
                },
                {
                    "name": "ZXing Authors",
                    "homepage": "https://github.com/zxing/zxing"
                },
                {
                    "name": "Ashot Khanamiryan",
                    "homepage": "https://github.com/khanamiryan/php-qrcode-detector-decoder"
                },
                {
                    "name": "Smiley",
                    "email": "smiley@chillerlan.net",
                    "homepage": "https://github.com/codemasher"
                },
                {
                    "name": "Contributors",
                    "homepage": "https://github.com/chillerlan/php-qrcode/graphs/contributors"
                }
            ],
            "description": "A QR code generator and reader with a user friendly API. PHP 7.4+",
            "homepage": "https://github.com/chillerlan/php-qrcode",
            "keywords": [
                "phpqrcode",
                "qr",
                "qr code",
                "qr-reader",
                "qrcode",
                "qrcode-generator",
                "qrcode-reader"
            ],
            "support": {
                "docs": "https://php-qrcode.readthedocs.io",
                "issues": "https://github.com/chillerlan/php-qrcode/issues",
                "source": "https://github.com/chillerlan/php-qrcode"
            },
            "funding": [
                {
                    "url": "https://www.paypal.com/donate?hosted_button_id=WLYUNAT9ZTJZ4",
                    "type": "custom"
                },
                {
                    "url": "https://ko-fi.com/codemasher",
                    "type": "ko_fi"
                }
            ],
            "install-path": "../chillerlan/php-qrcode"
        },
        {
            "name": "chillerlan/php-settings-container",
            "version": "3.2.0",
            "version_normalized": "3.2.0.0",
            "source": {
                "type": "git",
                "url": "https://github.com/chillerlan/php-settings-container.git",
                "reference": "8f93648fac8e6bacac8e00a8d325eba4950295e6"
            },
            "dist": {
                "type": "zip",
                "url": "https://api.github.com/repos/chillerlan/php-settings-container/zipball/8f93648fac8e6bacac8e00a8d325eba4950295e6",
                "reference": "8f93648fac8e6bacac8e00a8d325eba4950295e6",
                "shasum": ""
            },
            "require": {
                "ext-json": "*",
                "php": "^8.1"
            },
            "require-dev": {
                "phan/phan": "^5.4",
                "phpmd/phpmd": "^2.15",
                "phpunit/phpunit": "^10.5",
                "squizlabs/php_codesniffer": "^3.9"
            },
            "time": "2024-03-02T20:07:15+00:00",
            "type": "library",
            "installation-source": "dist",
            "autoload": {
                "psr-4": {
                    "chillerlan\\Settings\\": "src/"
                }
            },
            "notification-url": "https://packagist.org/downloads/",
            "license": [
                "MIT"
            ],
            "authors": [
                {
                    "name": "Smiley",
                    "email": "smiley@chillerlan.net",
                    "homepage": "https://github.com/codemasher"
                }
            ],
            "description": "A container class for immutable settings objects. Not a DI container.",
            "homepage": "https://github.com/chillerlan/php-settings-container",
            "keywords": [
                "Settings",
                "configuration",
                "container",
                "helper"
            ],
            "support": {
                "issues": "https://github.com/chillerlan/php-settings-container/issues",
                "source": "https://github.com/chillerlan/php-settings-container"
            },
            "funding": [
                {
                    "url": "https://www.paypal.com/donate?hosted_button_id=WLYUNAT9ZTJZ4",
                    "type": "custom"
                },
                {
                    "url": "https://ko-fi.com/codemasher",
                    "type": "ko_fi"
                }
            ],
            "install-path": "../chillerlan/php-settings-container"
        }
    ],
    "dev": true,
    "dev-package-names": []
}
